{"accuracy": 0.656, "precision": 0.6888888888888889, "recall": 0.5166666666666667, "auc": 0.7446153846153845}